<!-- Was generated by RESTPluginWizard -->
<editor>
<help>/commander/pages/EC-TOPdesk-0.0.2/help?s=Administration&amp;ss=Plugins#createIncident</help>
<formElement>
  <documentation>Previously defined plugin configuration.</documentation>
  <label>Configuration name:</label>
  <property>config</property>
  <propertyReference>/plugins/EC-TOPdesk-0.0.2/project/ec_plugin_cfgs</propertyReference>
  <required>1</required>
  <type>entry</type>
</formElement>
<formElement>
  <documentation>Incident title.</documentation>
  <label>Incident title:</label>
  <property>title</property>
  <required>1</required>
  <type>entry</type>
  <value></value>
</formElement>
<formElement>
  <documentation>Brief Description.</documentation>
  <label>Brief Description:</label>
  <property>briefDescription</property>
  <required>1</required>
  <type>entry</type>
  <value></value>
</formElement>

</editor>